<?xml version="1.0" ?>
<videos xmlns="http://www.tds.es/videos" xmlns:xs="http://www.w3.org/2001/XMLSchema-instance"
	xs:schemaLocation="http://www.tds.es/videos videos.xsd">
	
	<video titulo="Invasion">
		<URL><![CDATA[https://www.youtube.com/watch?v=DlaHxL3mHAU]]></URL>
		<etiqueta>Series</etiqueta>
		<etiqueta>AppleTV</etiqueta>
	</video>
	
	<video titulo="Technology Is Reinventing Humanity - Jordan Nguyen">
		<URL><![CDATA[https://www.youtube.com/watch?v=VxuWIXdYYyQ]]></URL>
		<etiqueta>Tech</etiqueta>
		<etiqueta>Speech</etiqueta>
	</video>

	<video titulo="House of Gucci">
		<URL><![CDATA[https://www.youtube.com/watch?v=eGNnpVKxV6s]]></URL>
		<etiqueta>Movie</etiqueta>
		<etiqueta>Cinema</etiqueta>
	</video>
	
	<video titulo="Arctic Monkeys - Do I Wanna Know?">
		<URL><![CDATA[https://www.youtube.com/watch?v=bpOSxM0rNPM]]></URL>
		<etiqueta>Music</etiqueta>
		<etiqueta>Artic Monkeys</etiqueta>
	</video>
	
	<video titulo="Me at the zoo">
		<URL><![CDATA[https://www.youtube.com/watch?v=jNQXAC9IVRw]]></URL>
		<etiqueta>Zoo</etiqueta>
		<etiqueta>History</etiqueta>
	</video>
	
	<video titulo="Waka Waka (Esto es Africa)">
		<URL><![CDATA[https://www.youtube.com/watch?v=dzsuE5ugxf4]]></URL>
		<etiqueta>Music</etiqueta>
		<etiqueta>Shakira</etiqueta>
	</video> 
	
	<video titulo="Nikone - Blanco y Negro">
		<URL><![CDATA[https://www.youtube.com/watch?v=6hytsVV2OqI]]></URL>
		<etiqueta>Music</etiqueta>
		<etiqueta>Nikone</etiqueta>
	</video> 
</videos>
